[
    {
        "name": "esia-oauth",
        "backend_cls": "ssuz.plugins.auth.esia_oauth.backends.OAuthBackend",
        "user_filters": [
            "ssuz.plugins.auth.esia_oauth.filters.esia_filter"
        ],
        "protocol": {
            "protocol_cls": "m3_auth.backends.oauth2.protocol.OAuthProtocol",
            "user_cls": "ssuz.plugins.auth.esia_oauth.users.ESIAOAuthUser",
            "api_cls": "ssuz.plugins.auth.esia_oauth.api.EsiaServerApi",
            "api_config": {
                "person_url": "https://esia.gosuslugi.ru/rs/prns/{user_id}",
                "contacts_url": "https://esia.gosuslugi.ru/rs/prns/{user_id}/ctts?embed=(elements)"
            },
            "config": {
                "client_id": "00LR03_3T",
                "login": {
                    "url": "https://esia.gosuslugi.ru/aas/oauth2/ac",
                    "redirect_url": "https://col.ris61edu.ru/auth/process_login",
                    "request_params": [
                        "timestamp",
                        "state",
                        "client_secret"
                    ]
                },
                "logout": {
                    "url": "https://esia.gosuslugi.ru/idp/ext/Logout",
                    "redirect_url": "https://col.ris61edu.ru/auth/process_logout",
                    "request_params": [
                        "client_id",
                        "redirect_url"
                    ]
                },
                "token": {
                    "url": "https://esia.gosuslugi.ru/aas/oauth2/te",
                    "redirect_url": "https://col.ris61edu.ru/auth/process_login",
                    "request_params": [
                        "client_secret",
                        "timestamp",
                        "state"
                    ]
                },
                "person_info": {
                    "person_url": "https://esia.gosuslugi.ru/rs/prns/{user_id}",
                    "contacts_url": "https://esia.gosuslugi.ru/rs/prns/{user_id}/ctts?embed=(elements)"
                },
                "client_secret": {
                    "signer_cls": "m3_auth.backends.oauth2.signers.PKCS7Signer",
                    "params": {
                        "certificate_file": "/opt/bars/ssuz/conf/esia/certs/sp.pem",
                        "private_key_file": "/opt/bars/ssuz/conf/esia/certs/sp.pem"
                    }
                },
                "scope": [
                    "openid",
                    "fullname",
                    "birthdate",
                    "snils",
                    "id_doc",
                    "contacts"
                ],
                "ssl_verification": false
            }
        }
    }
]
