﻿<?xml version="1.0" encoding="utf-8"?><BarsLicence><LicenceData><organization>Министерство общего и профессионального образования Ростовской области</organization><startdate>07.06.2024</startdate><enddate>31.12.2024</enddate><nodecount>100</nodecount><unitlcount>250</unitlcount><useportal>1</useportal><url>localhost:8000</url><plugins></plugins><product>БАРС.Web-ССУЗ</product><number>11461</number></LicenceData><Signature xmlns="http://www.w3.org/2000/09/xmldsig#"><SignedInfo><CanonicalizationMethod Algorithm="http://www.w3.org/TR/2001/REC-xml-c14n-20010315" /><SignatureMethod Algorithm="http://www.w3.org/2000/09/xmldsig#rsa-sha1" /><Reference URI=""><Transforms><Transform Algorithm="http://www.w3.org/2000/09/xmldsig#enveloped-signature" /></Transforms><DigestMethod Algorithm="http://www.w3.org/2000/09/xmldsig#sha1" /><DigestValue>iwbqYjrt+FtHMiKDrjZA1MOoEKI=</DigestValue></Reference></SignedInfo><SignatureValue>Vu42C0ALPhdOLb5MDnBSNAa7JdfjBQTwWHSGXO9sKVQZ77HrhtCe4iD25jBxe2VVsk1NfMzFFjIk8qHOcRcPs4sgGvSCnu78VYgHdI76LZGrZ2A0uP+T6IJGNHXXSEtq+/fg2m3aJBdkZ4hLX2JnoZRnYP7rNoXVV02nKmrs0q8=</SignatureValue></Signature></BarsLicence>