<WSConfig xmlns="http://bars-open.ru/schema/wsfactory" ApplicationClass="spyne_smev.application.Application"
          WsgiClass="educommon.ws_log.smev.applications.LoggingDjangoApplication"
          ServiceClass="spyne.service.ServiceBase" ApiHandler="wsfactory.views.api_handler">
    <Protocols>
        <!-- Протоколы -->
        <Protocol code="soap11" direction="BOTH" module="spyne.protocol.soap.soap11.Soap11" name="SOAP 1.1"/>
        <Protocol code="json" direction="BOTH" module="spyne.protocol.json.JsonDocument" name="JSON Protocol"/>
        <Protocol code="http-rpc" direction="IN" module="spyne.protocol.http.HttpRpc" name="HTTP RPC"/>
        <!-- установите модуль spyne-smev и раскомментируйте следующие строки, чтобы добавить поддежку протоколв СМЭВ -->
        <Protocol code="soap11wsse" direction="BOTH" module="spyne_smev.wsse.Soap11WSSE" name="SOAP 1.1 WSSE"/>
        <Protocol code="smev256" direction="BOTH" module="spyne_smev.smev256.Smev256" name="СМЭВ 2.5.6"/>
        <Protocol code="huge_smev256" direction="BOTH" module="datatransfer.common.smev256.Smev256" name="СМЭВ 2.5.6"/>
    </Protocols>
    <ApiRegistry>
        <!-- API-методы -->
        <Api code="DummyMethod" name="Метод-заглушка" module="ssuz.webservice.smev.smev_spyne.services.DummyMethod" id="DummyMethod"/>
        <Api code="DataPush" name="Отправка данных на сторону контингента" module="datatransfer.source.transport.smev.datapush.service.DataPush" id="DataPush"/>
        <Api code="Feedback" name="Прием результатов обработки пакета" module="datatransfer.source.transport.smev.datapush.service.Feedback" id="Feedback"/>
        <Api code="GetDataPush" name="Прием пакета данных от РС" module="datatransfer.source.get_data.service.service.GetDataPush" id="GetDataPush"/>
    </ApiRegistry>
    <Services>
        <!-- Сервисы, они же услуги - наборы методов-API -->
        <Service code="DummyService" name="DummyService">
            <Api id="DummyMethod"/>
        </Service>
        <Service code="DataPushService" name="DataPushService">
            <Api id="DataPush"/>
            <Api id="Feedback"/>
            <Api id="GetDataPush"/>
        </Service>
    </Services>
    <SecurityProfile>
        <!-- Профили безопасности WS-Security. Требует установки модуля spyne-smev -->
        <Modules>
            <!-- Описание модулей -->
            <Module code="x509token" path="spyne_smev.wsse.protocols.X509TokenProfile" name="X509 Token Profile"/>
        </Modules>
        <Security module="x509token" code="security" name="Default security profile">
            <!-- Декларация объектов профилей безопасности -->
            <Param key="certificate_path" valueType="string">/opt/bars/ssuz/conf/Rostov_EK.pem</Param>
            <Param key="private_key_path" valueType="string">/opt/bars/ssuz/conf/Rostov_EK.pem</Param>
            <Param key="private_key_pass" valueType="string">1234567890</Param>
            <Param key="digest_method" valueType="string">md_gost12_256</Param>
        </Security>
    </SecurityProfile>
    <Applications>
        <!-- Реестр веб-сервисов (Соответствия протоколов-сервисов) -->
        <Application name="DummyApplication" service="DummyService">
            <InProtocol code="smev256"/>
            <OutProtocol code="smev256" security="security"/>
        </Application>
        <Application name="DataPushApplication" service="DataPushService" max_content_length="104857600"> <!-- 100 mb -->
            <InProtocol code="huge_smev256"/>
            <OutProtocol code="huge_smev256" security="security"/>
        </Application>
    </Applications>
</WSConfig>
